k,C_measured,C_HL_prediction
1,0.401451,0.396880
2,1.074172,1.058348
3,0.802987,0.793761
4,0.518142,0.503975
5,1.621402,1.587522
6,0.464016,0.455904
7,1.535034,1.511925
8,0.849569,0.835538
9,0.597840,0.587971
10,1.300693,1.284129
11,0.563659,0.549527
12,1.115172,1.090419
13,1.053822,1.034829
14,0.708351,0.696764
15,1.449647,1.432350
16,0.554091,0.541480
17,1.031937,1.017642
18,0.940987,0.925669
19,0.631487,0.623720
20,1.246439,1.233558
21,0.700552,0.685966
22,1.168851,1.151943
23,1.284178,1.259734
24,0.410614,0.408642
25,1.337494,1.308503
26,0.767101,0.749019
27,0.828025,0.815214
28,1.467973,1.442733
29,0.510023,0.502424
30,1.821307,1.784665
31,0.463142,0.459150
32,0.867491,0.855782
33,1.386528,1.360733
34,0.475821,0.467333
35,2.298491,2.249889
36,0.411956,0.404550
37,1.301950,1.282846
38,0.965728,0.955630
39,0.520635,0.513651
40,1.992571,1.953873
41,0.450932,0.441438
42,1.354840,1.333690
43,0.939879,0.927185
44,0.743277,0.731439
45,1.326946,1.302582
46,0.449376,0.445229
47,1.140935,1.124104
48,1.057210,1.048268
49,0.708138,0.691389
50,1.222359,1.207008
51,0.756319,0.744333
52,1.024201,1.012659
53,0.852148,0.837175
54,0.570350,0.560528
55,1.615776,1.592099
56,0.755019,0.739473
57,1.006131,0.993636
58,1.172303,1.149779
59,0.484473,0.475602
60,1.231096,1.204210
61,0.654736,0.640633
62,1.102194,1.081099
63,1.467696,1.443947
64,0.404541,0.401114
65,1.998155,1.961168
66,0.523128,0.515549
67,0.836805,0.827402
68,1.327479,1.304342
69,0.501030,0.492320
70,2.466389,2.430767
71,0.431710,0.421118
72,1.138868,1.125688
73,0.960400,0.942340
74,0.512687,0.505981
75,1.621189,1.602086
76,0.464165,0.453823
77,1.896636,1.862055
78,1.007750,0.997049
79,0.609134,0.595714
80,1.224959,1.200753
81,0.466722,0.461535
82,1.350323,1.322140
83,0.853448,0.843999
84,0.807057,0.798972
85,1.406324,1.384986
86,0.584628,0.575434
87,0.973975,0.960013
88,1.057018,1.045398
89,0.603487,0.586904
90,1.223083,1.199610
91,0.894895,0.877196
92,1.022283,1.006318
93,1.165697,1.145164
94,0.418989,0.418333
95,1.765710,1.739090
96,0.594899,0.585282
97,0.865211,0.855485
98,1.369437,1.351649
99,0.538386,0.529363
100,1.935121,1.904359
101,0.444944,0.435007
102,0.950449,0.935022
103,1.299499,1.279678
104,0.490823,0.488231
105,2.070160,2.024004
106,0.501989,0.492543
107,1.151973,1.135682
108,1.031553,1.013119
109,0.429388,0.417983
110,2.134728,2.094954
111,0.436761,0.428877
112,1.360509,1.347970
113,0.984587,0.967227
114,0.724248,0.710792
115,1.381222,1.357701
116,0.444709,0.431127
117,1.507566,1.478327
118,0.855515,0.837295
119,0.793738,0.776623
120,1.296218,1.273595
121,0.772493,0.760234
122,0.848760,0.835816
123,0.920509,0.907390
124,0.593450,0.581543
125,1.523868,1.499484
126,0.781656,0.766401
127,0.876100,0.865047
128,1.224554,1.212732
129,0.428514,0.423951
130,1.685927,1.653936
131,0.549424,0.540292
132,1.055143,1.036788
133,1.526979,1.507015
134,0.480467,0.473017
135,1.698009,1.668043
136,0.550255,0.540550
137,0.846586,0.835831
138,1.225918,1.206097
139,0.555263,0.545538
140,2.026432,1.993954
141,0.430347,0.425864
142,1.220484,1.194374
143,1.316973,1.291742
144,0.403177,0.398737
145,1.817215,1.794958
146,0.468725,0.459591
147,1.836820,1.809141
148,0.865573,0.853712
149,0.554389,0.538922
150,1.420900,1.400650
151,0.420374,0.407791
152,1.357781,1.335676
153,0.978577,0.968367
154,0.863783,0.854176
155,1.365005,1.335798
156,0.669184,0.658453
157,0.840811,0.837798
158,1.042570,1.018908
159,0.603551,0.595664
160,1.391131,1.365893
161,0.850145,0.839063
162,0.819267,0.803957
163,1.108822,1.090461
164,0.480019,0.469496
165,1.908548,1.881507
166,0.560676,0.551781
167,0.826747,0.806753
168,1.366007,1.339252
169,0.598415,0.588294
170,1.891245,1.861983
171,0.457197,0.451576
172,1.008432,0.985712
173,1.250232,1.225915
174,0.437251,0.430287
175,2.037918,2.007749
176,0.613928,0.599873
177,1.214943,1.193832
178,0.949554,0.936107
179,0.416112,0.409327
180,1.860175,1.817689
181,0.437613,0.433858
182,1.662678,1.635326
183,0.963874,0.946045
184,0.667351,0.657474
185,1.290976,1.276815
186,0.497706,0.486666
187,1.603736,1.575745
188,0.856026,0.839800
189,0.679668,0.673746
190,1.377812,1.354166
191,0.715788,0.697509
192,0.849527,0.836996
193,0.913605,0.898420
194,0.646979,0.638363
195,1.508866,1.481427
196,0.748221,0.732952
197,0.852531,0.841312
198,1.492180,1.467893
199,0.481319,0.472183
200,1.219248,1.194640
201,0.580067,0.563782
202,0.945377,0.927395
203,1.583257,1.550758
204,0.530523,0.521509
205,1.949590,1.918693
206,0.415920,0.406218
207,0.929011,0.912771
208,1.334490,1.308754
209,0.589358,0.583975
210,2.250822,2.205319
211,0.413214,0.407355
212,1.261739,1.233890
213,0.991470,0.971604
214,0.410848,0.405856
215,2.053005,2.018035
216,0.469151,0.462543
217,1.619995,1.588741
218,0.834290,0.816505
219,0.583179,0.572234
220,1.554831,1.535495
221,0.567623,0.568521
222,1.338986,1.310753
223,0.831840,0.818716
224,0.779482,0.770375
225,1.344249,1.326907
226,0.556094,0.545487
227,1.041931,1.022206
228,0.919486,0.907694
229,0.560612,0.547567
230,1.526979,1.494203
231,0.871987,0.857984
232,0.977171,0.955180
233,1.091753,1.070685
234,0.547933,0.533859
235,1.443168,1.428103
236,0.563979,0.554856
237,0.845180,0.836821
238,2.162941,2.115955
239,0.409101,0.403679
240,1.632099,1.605800
241,0.434971,0.429324
242,1.082355,1.062840
243,1.216754,1.192985
244,0.463291,0.454373
245,2.135686,2.094599
246,0.492251,0.486345
247,1.570237,1.541257
248,0.865381,0.859599
249,0.515286,0.502192
250,1.635764,1.605080
251,0.484792,0.473083
252,1.359337,1.333703
253,1.226898,1.206383
254,0.551619,0.543617
255,1.413207,1.384808
256,0.457495,0.449583
257,1.251659,1.225552
258,0.871284,0.866498
259,0.726848,0.710942
260,1.878544,1.849131
261,0.662727,0.647863
262,0.830945,0.812567
263,0.834908,0.814755
264,0.791629,0.776282
265,1.272841,1.248763
266,0.844242,0.827146
267,0.829112,0.814484
268,1.351410,1.332657
269,0.471964,0.465512
270,1.208699,1.193598
271,0.658316,0.652874
272,1.026226,1.008288
273,1.702911,1.664721
274,0.408888,0.403834
275,2.141674,2.099202
276,0.444560,0.439723
277,0.912369,0.899663
278,1.191247,1.163740
279,0.530565,0.520907
280,2.107686,2.066250
281,0.409016,0.402640
282,1.436222,1.406442
283,0.891421,0.878517
284,0.453744,0.443799
285,1.881954,1.848530
286,0.631935,0.625131
287,1.451458,1.433549
288,0.812150,0.799387
289,0.644955,0.634676
290,1.710966,1.680915
291,0.468618,0.459539
292,1.101960,1.090272
293,0.930695,0.915533
294,0.679796,0.662975
295,1.500939,1.479869
296,0.572332,0.566449
297,1.050327,1.037271
298,0.896110,0.883337
299,0.733241,0.716455
300,1.440782,1.411130
301,0.839405,0.823697
302,0.825127,0.810002
303,1.223701,1.205570
304,0.531311,0.521136
305,1.259246,1.240628
306,0.629101,0.616066
307,0.863506,0.842893
308,2.000882,1.976239
309,0.425211,0.422012
310,1.849116,1.820757
311,0.407865,0.402077
312,1.218033,1.195313
313,1.126338,1.107271
314,0.441150,0.435132
315,2.409237,2.368331
316,0.467809,0.459786
317,1.247781,1.223511
318,0.845265,0.831452
319,0.564938,0.554607
320,1.683647,1.658697
321,0.473605,0.465118
322,1.494290,1.471454
323,1.218140,1.199036
324,0.539217,0.533645
325,1.509143,1.483824
326,0.471303,0.465164
327,1.105156,1.080721
328,0.858669,0.841861
329,0.931654,0.918876
330,1.687440,1.654386
331,0.563318,0.560370
332,0.831776,0.818853
333,0.857433,0.843568
334,0.762456,0.745855
335,1.257584,1.235885
336,0.735947,0.720681
337,0.986973,0.970539
338,1.366902,1.346611
339,0.414876,0.408255
340,1.399164,1.376523
341,0.754273,0.741355
342,1.055910,1.040253
343,1.358335,1.341580
344,0.426212,0.418045
345,2.139266,2.114105
346,0.449909,0.440480
347,0.900883,0.888815
348,1.425929,1.403000
349,0.407588,0.403100
350,2.025239,1.988198
351,0.555306,0.543829
352,1.400933,1.376608
353,0.873436,0.857475
354,0.418648,0.412090
355,2.028031,1.990041
356,0.477100,0.469683
357,1.591632,1.565748
358,0.903845,0.882305
359,0.622431,0.610472
360,1.469635,1.442985
361,0.463525,0.452323
362,1.128298,1.110972
363,1.125592,1.109521
364,0.826917,0.809947
365,1.257647,1.236637
366,0.562061,0.551826
367,1.032469,1.011882
368,1.070400,1.050733
369,0.576147,0.567285
370,1.482037,1.459399
371,0.709864,0.694820
372,0.874246,0.857220
373,1.237276,1.212631
374,0.647640,0.640021
375,1.223446,1.197077
376,0.593088,0.583451
377,1.079244,1.061167
378,1.558347,1.534046
379,0.412212,0.405669
380,2.021829,1.980725
381,0.521466,0.513073
382,0.880980,0.860984
383,1.168083,1.150198
384,0.404967,0.397572
385,2.793512,2.752429
386,0.502053,0.489384
387,1.189627,1.171774
388,0.830284,0.815074
389,0.477547,0.471981
390,1.990206,1.953881
391,0.519037,0.508766
392,1.589331,1.562107
393,0.923599,0.908080
394,0.600631,0.594569
395,1.290187,1.261572
396,0.555242,0.545489
397,1.170513,1.153460
398,0.815495,0.805992
399,0.895257,0.878272
400,1.394178,1.374840
401,0.553239,0.546390
402,0.910707,0.898897
403,1.221570,1.198976
404,0.553622,0.543730
405,1.292787,1.272123
406,0.779930,0.767963
407,1.272543,1.252227
408,1.240493,1.222172
409,0.407247,0.400814
410,1.274226,1.257048
411,0.630422,0.614866
412,0.976042,0.960537
413,1.453184,1.424133
414,0.562018,0.552735
415,1.681729,1.652226
416,0.524215,0.517830
417,0.827067,0.808127
418,1.579422,1.557256
419,0.455428,0.445376
420,2.264716,2.230375
421,0.411381,0.404746
422,1.308045,1.292765
423,0.852830,0.840109
424,0.484388,0.476736
425,2.452133,2.419081
426,0.420097,0.409369
427,1.392963,1.371503
428,0.829560,0.813007
429,0.894724,0.876695
430,1.275015,1.253647
431,0.463227,0.458751
432,1.108928,1.091262
433,1.045276,1.031061
434,0.717642,0.711560
435,1.325220,1.295974
436,0.679967,0.664206
437,1.045319,1.029203
438,0.929118,0.920416
439,0.553047,0.544800
440,1.559029,1.533152
441,0.674490,0.664500
442,1.161605,1.143115
443,1.165164,1.148402
444,0.523150,0.511676
445,1.362640,1.342293
446,0.615505,0.602539
447,0.965749,0.950656
448,1.467802,1.449143
449,0.404264,0.400459
450,1.754416,1.727724
451,0.610220,0.598507
452,0.887820,0.869584
453,1.179420,1.167688
454,0.436846,0.426457
455,2.938311,2.878758
456,0.475459,0.463768
457,1.086510,1.071013
458,0.932464,0.915887
459,0.538983,0.532518
460,1.799784,1.765001
461,0.404626,0.401560
462,1.871427,1.847347
463,0.816817,0.805466
464,0.658955,0.644462
465,1.438523,1.418531
466,0.466679,0.461589
467,1.078221,1.064444
468,1.060918,1.042880
469,0.870240,0.857170
470,1.376214,1.359820
471,0.547720,0.543170
472,0.935404,0.926040
473,1.112551,1.090443
474,0.574122,0.565415
475,1.522312,1.490352
476,0.776904,0.764304
477,1.082035,1.055086
478,1.128256,1.096970
479,0.407332,0.400233
480,1.400997,1.372403
481,0.747518,0.739088
482,0.882258,0.862630
483,1.555065,1.529270
484,0.522255,0.510980
485,1.839590,1.804339
486,0.426681,0.421441
487,0.914649,0.893127
488,1.356630,1.340067
489,0.408973,0.403532
490,2.270405,2.226636
491,0.497408,0.487021
492,1.156768,1.141326
493,1.038585,1.020509
494,0.561315,0.550497
495,2.117403,2.085573
496,0.437698,0.426854
497,1.402702,1.375539
498,0.969606,0.952518
499,0.669568,0.660271
500,1.306169,1.287812
501,0.418861,0.411643
502,1.280193,1.260002
503,0.945271,0.927176
504,0.729107,0.721208
505,1.243945,1.220049
506,0.836997,0.825182
507,1.050050,1.036196
508,0.827471,0.821360
509,0.554453,0.539197
510,1.607806,1.582742
511,0.785065,0.772049
512,0.860586,0.845138
513,1.393070,1.372604
514,0.433138,0.428033
515,1.233717,1.222709
516,0.680840,0.666102
517,1.139571,1.119483
518,1.434559,1.408592
519,0.449142,0.441069
520,1.986626,1.950418
521,0.534422,0.523870
522,0.872158,0.860586
523,1.084379,1.069370
524,0.528520,0.512238
525,2.027945,1.997231
526,0.438657,0.432283
527,1.364174,1.341310
528,1.043486,1.024459
529,0.507551,0.497210
530,1.781181,1.753869
531,0.423293,0.413943
532,1.818941,1.783175
533,1.149757,1.126864
534,0.548742,0.544373
535,1.424267,1.410803
536,0.417923,0.409991
537,1.313734,1.298350
538,0.928713,0.919260
539,0.880021,0.860293
540,1.218289,1.192115
541,0.560399,0.553075
542,0.902481,0.889110
543,0.969990,0.951150
544,0.664901,0.655163
545,1.354158,1.330670
546,0.948211,0.930896
547,0.829965,0.819218
548,1.177545,1.163223
549,0.424145,0.415462
550,1.897552,1.866505
551,0.670399,0.660287
552,0.892977,0.880530
553,1.402936,1.377073
554,0.467276,0.460286
555,2.047380,2.014726
556,0.414577,0.403244
557,0.990852,0.977090
558,1.187113,1.159701
559,0.524045,0.511793
560,2.213807,2.176391
561,0.627204,0.613798
562,1.077070,1.073702
563,0.905656,0.889388
564,0.455385,0.448507
565,1.919799,1.885307
566,0.405990,0.400198
567,1.572965,1.545128
568,1.104517,1.084960
569,0.551726,0.541000
570,1.445790,1.429723
571,0.404136,0.402619
572,1.841082,1.809515
573,0.839831,0.823783
574,0.707392,0.698034
575,1.341778,1.320589
576,0.729980,0.721449
577,0.816284,0.803112
578,0.934744,0.919079
579,0.645509,0.642257
580,1.379922,1.356450
581,0.792545,0.772823
582,0.828132,0.813648
583,1.618312,1.590201
584,0.454554,0.444495
585,1.485532,1.460244
586,0.543948,0.535298
587,0.920168,0.911305
588,1.425908,1.397521
589,0.589806,0.578745
590,2.138158,2.094530
591,0.406650,0.402362
592,0.870091,0.854915
593,1.097655,1.083170
594,0.583924,0.571556
595,2.550797,2.510551
596,0.407950,0.402806
597,1.090090,1.075312
598,1.253130,1.236636
599,0.433990,0.430447
600,1.622233,1.594683
601,0.517886,0.513623
602,1.679534,1.660539
603,0.844562,0.831142
604,0.565811,0.552933
605,1.565528,1.539392
606,0.478186,0.469821
607,1.198130,1.181143
608,0.931526,0.913135
609,0.844498,0.828600
610,1.323494,1.302013
611,0.693733,0.685212
612,1.067651,1.056040
613,0.857134,0.839198
614,0.585608,0.576505
615,1.442785,1.418354
616,0.890825,0.872738
617,0.833374,0.822270
618,1.223275,1.197815
619,0.423506,0.414546
620,1.648763,1.624794
621,0.640800,0.626592
622,0.810466,0.801527
623,1.691872,1.670138
624,0.497940,0.485596
625,1.636020,1.614449
626,0.405095,0.399876
627,1.202690,1.184784
628,1.272884,1.243642
629,0.539728,0.534620
630,2.138499,2.095113
631,0.478123,0.467187
632,1.112146,1.093548
633,0.985631,0.963609
634,0.468469,0.459419
635,1.767649,1.739269
636,0.441257,0.440556
637,1.667494,1.632484
638,1.128021,1.105681
639,0.558779,0.550224
640,1.417086,1.394488
641,0.476716,0.472648
642,1.322897,1.295802
643,0.813258,0.803836
644,0.738461,0.731854
645,1.455720,1.432000
646,0.786664,0.777024
647,0.815709,0.805624
648,0.856261,0.840793
649,0.732346,0.711801
650,1.486917,1.456724
651,0.736416,0.723672
652,0.995050,0.981687
653,1.240834,1.227541
654,0.490333,0.475658
655,1.233845,1.213113
656,0.660255,0.643418
657,0.933614,0.919520
658,1.422051,1.403639
659,0.514327,0.509380
660,2.077149,2.049452
661,0.419820,0.413251
662,0.816327,0.801051
663,1.547415,1.522587
664,0.474905,0.467923
665,2.287943,2.255802
666,0.429984,0.421356
667,1.624214,1.604232
668,0.823060,0.805927
669,0.446925,0.440933
670,1.703252,1.683025
671,0.583413,0.576041
672,1.548864,1.525126
673,0.817882,0.805142
674,0.613992,0.601677
675,1.464286,1.433770
676,0.495682,0.485556
677,1.128810,1.112928
678,1.043699,1.025104
679,0.695033,0.677697
680,1.563248,1.537195
681,0.555796,0.542190
682,1.188945,1.170295
683,0.833971,0.817615
684,0.608175,0.602099
685,1.384546,1.366111
686,0.869515,0.859315
687,0.823252,0.809693
688,1.154594,1.133402
689,0.603870,0.590992
690,1.442913,1.417758
691,0.605682,0.599189
692,0.874992,0.856832
693,1.923699,1.891733
694,0.409357,0.399579
695,1.651640,1.625289
696,0.436825,0.429042
697,1.198236,1.179118
698,1.272522,1.248010
699,0.415622,0.403885
700,2.316711,2.281104
701,0.406309,0.399938
702,1.359933,1.329885
703,1.080693,1.070714
704,0.521658,0.510759
705,1.786700,1.760696
706,0.476695,0.470873
707,1.409968,1.379071
708,1.034963,1.017818
709,0.575252,0.566588
710,1.245522,1.227337
711,0.554006,0.537113
712,1.117154,1.102771
713,0.973165,0.952343
714,0.781123,0.763946
715,2.071545,2.036635
716,0.581069,0.578042
717,0.834610,0.824141
718,0.805949,0.800474
719,0.695288,0.682376
720,1.318465,1.293253
721,0.743448,0.728221
722,1.047322,1.035845
723,1.135458,1.110953
724,0.480914,0.470229
725,1.408498,1.386086
726,0.688086,0.682896
727,0.826235,0.804276
728,1.940874,1.904513
729,0.405841,0.397976
730,1.916816,1.882546
731,0.490461,0.485486
732,0.928649,0.915001
733,1.245032,1.220786
734,0.434438,0.420215
735,2.232965,2.203366
736,0.454213,0.449062
737,1.733042,1.702316
738,0.854087,0.838952
739,0.405734,0.399780
740,1.716378,1.689876
741,0.649494,0.639468
742,1.529003,1.512109
743,0.812256,0.800989
744,0.730300,0.718752
745,1.402638,1.376807
746,0.405073,0.399389
747,1.202200,1.178529
748,1.198109,1.180731
749,0.685614,0.677350
750,1.356780,1.331355
751,0.570585,0.559516
752,1.034302,1.022176
753,0.823444,0.808247
754,0.858839,0.844168
755,1.417597,1.398171
756,0.670867,0.662052
757,0.827535,0.811370
758,1.208422,1.182735
759,0.632851,0.618105
760,1.437500,1.412858
761,0.545993,0.534851
762,0.823146,0.808802
763,1.740906,1.719524
764,0.434225,0.422917
765,2.047316,2.010058
766,0.495895,0.486581
767,1.073277,1.059270
768,1.101704,1.085330
769,0.405990,0.398959
770,2.603325,2.553587
771,0.493551,0.484285
772,1.096377,1.075155
773,0.914201,0.898324
774,0.516458,0.509559
775,1.764048,1.728189
776,0.495426,0.491553
777,1.671159,1.643428
778,0.812299,0.799951
779,0.654544,0.645244
780,1.476284,1.456474
781,0.543990,0.527777
782,1.398802,1.371724
783,0.895555,0.878703
784,0.748562,0.739431
785,1.564441,1.539686
786,0.550170,0.539351
787,0.829048,0.810946
788,1.039736,1.019868
789,0.623773,0.610466
790,1.318465,1.300274
791,0.685763,0.675318
792,1.105433,1.089045
793,1.567041,1.540124
794,0.406714,0.399236
795,1.268025,1.248835
796,0.645466,0.633867
797,0.951131,0.934677
798,1.523335,1.503111
799,0.568837,0.553847
800,1.620315,1.588185
801,0.415600,0.407239
802,0.981902,0.961813
803,1.469550,1.442136
804,0.449887,0.440512
805,2.450855,2.413562
806,0.555093,0.545044
807,1.248548,1.225880
808,0.828281,0.819177
809,0.402708,0.398856
810,2.224292,2.177299
811,0.426404,0.424738
812,1.450669,1.432316
813,0.883430,0.874046
814,0.736671,0.723989
815,1.393475,1.371853
816,0.496854,0.481429
817,1.289633,1.263042
818,0.931910,0.917678
819,0.820972,0.811790
820,1.363684,1.334422
821,0.615058,0.606745
822,0.914905,0.902747
823,0.959442,0.944589
824,0.551300,0.541630
825,1.567318,1.534557
826,0.730534,0.717795
827,0.912838,0.901512
828,1.345507,1.326178
829,0.462396,0.460343
830,1.392558,1.370351
831,0.586929,0.575277
832,1.132731,1.115967
833,1.551528,1.527689
834,0.431604,0.421071
835,1.653920,1.621414
836,0.703684,0.686442
837,0.872754,0.861604
838,1.091582,1.068581
839,0.450761,0.441768
840,2.313280,2.278873
841,0.491207,0.482145
842,1.163800,1.146013
843,0.995646,0.974619
844,0.443580,0.434687
845,1.986967,1.957501
846,0.437613,0.433906
847,1.853292,1.826315
848,0.837402,0.828121
849,0.650474,0.641691
850,1.388829,1.374896
851,0.567836,0.553408
852,1.131985,1.106170
853,0.816582,0.796255
854,0.895215,0.877752
855,1.379517,1.352568
856,0.593727,0.586508
857,0.809571,0.800017
858,1.343909,1.323141
859,0.566088,0.558763
860,1.344676,1.317594
861,0.821121,0.801534
862,1.058147,1.041536
863,1.101981,1.094658
864,0.407865,0.397187
865,1.429509,1.402954
866,0.584542,0.576282
867,1.030935,1.018427
868,1.554298,1.530008
869,0.532952,0.527583
870,1.748215,1.719830
871,0.516522,0.501631
872,0.826278,0.810749
873,1.367370,1.341072
874,0.531034,0.519036
875,2.334931,2.287828
876,0.501797,0.490122
877,1.108630,1.089632
878,0.907127,0.890894
879,0.408483,0.400541
880,2.573555,2.534480
881,0.403582,0.398693
882,1.410693,1.393090
883,0.830135,0.814286
884,0.875546,0.858764
885,1.270561,1.250501
886,0.407609,0.398989
887,1.312733,1.293099
888,0.983692,0.961051
889,0.797745,0.782731
890,1.343376,1.321472
891,0.701702,0.688201
892,0.820759,0.809089
893,1.084273,1.073379
894,0.547592,0.538089
895,1.555512,1.528263
896,0.674767,0.661960
897,1.099509,1.077929
898,1.234079,1.215428
899,0.505314,0.499900
900,1.267066,1.244962
901,0.719922,0.709855
902,1.096121,1.078116
903,1.411012,1.398061
904,0.411829,0.404461
905,1.777984,1.739186
906,0.554816,0.545088
907,0.873095,0.857344
908,1.109439,1.080810
909,0.518376,0.510889
910,2.458952,2.427160
911,0.408760,0.398634
912,1.383139,1.362217
913,1.103217,1.086201
914,0.456792,0.445228
915,1.666940,1.644424
916,0.428897,0.417910
917,1.599730,1.575113
918,1.030019,1.016383
919,0.620492,0.604397
920,1.609213,1.584408
921,0.404242,0.400372
922,1.094651,1.077542
923,1.028783,1.008705
924,0.977299,0.960218
925,1.393219,1.370494
926,0.538663,0.533024
927,0.932016,0.915239
928,1.052692,1.033157
929,0.602506,0.589555
930,1.305871,1.279755
931,0.886605,0.866227
932,0.928116,0.912798
933,1.086553,1.066006
934,0.406288,0.398880
935,1.929921,1.894635
936,0.669504,0.661630
937,0.890633,0.877361
938,1.463604,1.437360
939,0.463419,0.456838
940,1.955621,1.915004
941,0.443686,0.434987
942,0.942777,0.931111
943,1.264296,1.250159
944,0.446158,0.441915
945,2.262265,2.229047
946,0.591212,0.581457
947,1.147541,1.119479
948,0.831030,0.816658
949,0.508148,0.505364
950,2.156570,2.119272
951,0.442706,0.436316
952,1.547479,1.529691
953,1.026524,1.010783
954,0.561315,0.552326
955,1.235997,1.211099
956,0.454661,0.447559
957,1.538422,1.513562
958,1.023434,1.003998
959,0.680180,0.672822
960,1.262975,1.240986
961,0.674128,0.661296
962,1.049474,1.031102
963,0.939837,0.929512
964,0.638370,0.623360
965,1.231543,1.210877
966,0.827344,0.816320
967,0.843304,0.827797
968,1.409840,1.378433
969,0.528115,0.520074
970,1.305935,1.268198
971,0.632723,0.625218
972,0.943204,0.925986
973,1.394263,1.362927
974,0.451443,0.441534
975,2.660818,2.612586
976,0.438124,0.431790
977,0.815091,0.799239
978,1.087235,1.076085
979,0.599757,0.587250
980,2.187895,2.150426
981,0.434204,0.426017
982,1.197895,1.178342
983,0.953006,0.940227
984,0.476801,0.467058
985,1.632866,1.613914
986,0.577468,0.567553
987,1.443808,1.427386
988,1.118880,1.101745
989,0.639287,0.627843
990,1.560584,1.531857
991,0.401152,0.398491
992,1.391301,1.366252
993,0.821334,0.804665
994,0.856367,0.838989
995,1.224064,1.206923
996,0.589231,0.579973
997,1.163971,1.144917
998,0.844242,0.831766
999,0.570734,0.567073
1000,1.200879,1.191436
1001,1.147967,1.125033
1002,0.861268,0.843630
1003,1.352006,1.328214
1004,0.428770,0.424609
1005,1.662849,1.634518
1006,0.539324,0.532716
1007,0.957652,0.943309
1008,1.536291,1.512426
1009,0.442024,0.433874
1010,1.841465,1.812359
1011,0.427363,0.423608
1012,1.145985,1.130219
1013,1.188498,1.173036
1014,0.535253,0.525548
1015,2.176516,2.147398
1016,0.473285,0.462793
1017,1.125805,1.107120
1018,0.957545,0.943143
1019,0.472326,0.460286
1020,2.094112,2.057381
1021,0.403773,0.398971
1022,1.395222,1.363961
1023,1.266150,1.244177
1024,0.563638,0.553380
1025,1.351026,1.333578
1026,0.497109,0.487293
1027,1.649147,1.622990
1028,0.815922,0.801601
1029,0.672764,0.665399
1030,1.414656,1.393686
1031,0.645360,0.635258
1032,0.909875,0.897152
1033,0.837167,0.825293
1034,0.767272,0.749384
1035,1.353732,1.330981
1036,0.800579,0.783076
1037,0.968221,0.953572
1038,1.257924,1.242691
1039,0.447799,0.435901
1040,1.485383,1.456162
1041,0.631381,0.620195
1042,0.842260,0.827877
1043,1.553019,1.525289
1044,0.512964,0.501093
1045,2.357306,2.314726
1046,0.417625,0.414680
1047,0.814004,0.804093
1048,1.215071,1.195471
1049,0.519527,0.505585
1050,2.229747,2.187675
1051,0.439915,0.431742
1052,1.271563,1.253820
1053,1.001485,0.983712
1054,0.525067,0.516570
1055,1.648039,1.618590
1056,0.519186,0.510597
1057,1.541448,1.520909
1058,0.965216,0.949198
1059,0.539814,0.535953
1060,1.551165,1.525697
1061,0.430176,0.422340
1062,1.231245,1.219086
1063,0.963107,0.946415
1064,0.802049,0.785528
1065,1.382628,1.352062
1066,0.735009,0.724520
1067,1.057615,1.043150
1068,0.824318,0.813967
1069,0.542563,0.533865
1070,1.472384,1.438980
1071,0.901288,0.885458
1072,0.832458,0.820497
1073,1.301289,1.276889
1074,0.472049,0.460492
1075,1.469401,1.443184
1076,0.548913,0.534500
1077,0.941520,0.926397
1078,1.798782,1.768825
1079,0.508084,0.498283
1080,1.690999,1.655766
1081,0.469002,0.459913
1082,1.021367,1.003743
1083,1.403639,1.386044
1084,0.410678,0.400100
1085,2.546151,2.511241
1086,0.413235,0.401612
1087,1.083783,1.071630
1088,1.048238,1.023336
1089,0.603423,0.596402
1090,1.653259,1.621751
1091,0.405350,0.398836
1092,1.747128,1.710387
1093,0.956501,0.939821
1094,0.587888,0.584132
1095,1.314672,1.298045
1096,0.588293,0.577775
1097,1.103260,1.086267
1098,0.873010,0.857776
1099,0.748029,0.736789
1100,1.562523,1.531753
1101,0.621067,0.606854
1102,0.975488,0.973337
1103,0.813002,0.798606
1104,0.696908,0.685777
1105,1.699927,1.682162
1106,0.722181,0.711311
1107,0.987421,0.974881
1108,1.158260,1.137517
1109,0.450314,0.442043
1110,1.289250,1.263561
1111,0.761817,0.748259
1112,0.930269,0.915808
1113,1.409947,1.386212
1114,0.453723,0.444455
1115,1.991655,1.961249
1116,0.467937,0.461586
1117,0.821462,0.809756
1118,1.607146,1.584734
1119,0.436505,0.426631
1120,2.020594,1.985585
1121,0.507125,0.497903
1122,1.828701,1.800081
1123,0.812469,0.799480
1124,0.407929,0.399983
1125,1.634741,1.601922
1126,0.483599,0.478128
1127,1.787510,1.753355
1128,0.916119,0.900502
1129,0.613289,0.606204
1130,1.233227,1.213204
1131,0.546143,0.534889
1132,1.142341,1.119755
1133,1.139635,1.121918
1134,0.751993,0.738000
1135,1.474494,1.459028
1136,0.560463,0.546259
1137,0.963874,0.946885
1138,0.813620,0.797978
1139,0.650325,0.641397
1140,1.752455,1.725734
1141,0.736011,0.716130
1142,0.860437,0.850615
1143,1.096803,1.076818
1144,0.657698,0.647611
1145,1.323856,1.308492
1146,0.577659,0.574890
1147,0.938579,0.927954
1148,1.845642,1.812708
1149,0.410145,0.400142
1150,2.000946,1.965755
1151,0.468469,0.457871
1152,0.806034,0.795146
1153,1.280342,1.263956
1154,0.409932,0.398496
1155,2.601279,2.558800
1156,0.466637,0.458203
1157,1.400762,1.377011
1158,0.866170,0.856421
1159,0.579449,0.568444
1160,1.802746,1.771752
1161,0.482214,0.471222
1162,1.757271,1.720046
1163,0.825426,0.805030
1164,0.552195,0.541801
1165,1.367093,1.349310
1166,0.597712,0.592510
1167,1.178610,1.157252
1168,0.866809,0.856016
1169,0.684335,0.670734
1170,1.762279,1.730136
1171,0.547123,0.533450
1172,0.893851,0.878622
1173,1.179846,1.157558
1174,0.605809,0.593385
1175,1.337921,1.314005
1176,0.673489,0.661843
1177,1.060001,1.044534
1178,1.332295,1.301960
1179,0.524130,0.510475
1180,1.255325,1.234635
1181,0.646766,0.639134
1182,0.819139,0.803351
1183,1.671266,1.642912
1184,0.587377,0.572839
1185,1.669199,1.644033
1186,0.409932,0.398452
1187,0.914265,0.900562
1188,1.525061,1.488342
1189,0.461863,0.454118
1190,2.411155,2.378798
1191,0.446073,0.435633
1192,1.395883,1.382217
1193,0.817200,0.800087
1194,0.414002,0.401175
1195,1.874389,1.841259
1196,0.613396,0.604175
1197,1.531411,1.506928
1198,0.809465,0.797765
1199,0.759856,0.750720
1200,1.391919,1.375640
1201,0.444496,0.437104
1202,1.091603,1.072917
1203,1.020259,0.998791
1204,0.747795,0.736977
1205,1.379133,1.356311
1206,0.645765,0.638657
1207,0.961722,0.949071
1208,0.852979,0.836974
1209,0.730002,0.716520
1210,1.673908,1.642064
1211,0.731770,0.717116
1212,0.821036,0.811471
1213,1.307192,1.280809
1214,0.468874,0.456599
1215,1.210617,1.192609
1216,0.634535,0.624391
1217,0.946890,0.933488
1218,1.787893,1.759806
1219,0.484494,0.483144
1220,1.673844,1.646841
1221,0.554965,0.543903
1222,1.107266,1.090184
1223,1.089068,1.071375
1224,0.462481,0.458189
1225,2.333418,2.284295
1226,0.450889,0.444133
1227,1.140147,1.123874
1228,0.986696,0.972586
1229,0.440405,0.429528
1230,1.909699,1.869301
1231,0.456557,0.448533
1232,1.739584,1.703691
1233,0.869302,0.851397
1234,0.566919,0.558994
1235,1.826123,1.796947
1236,0.468576,0.464256
1237,1.143790,1.124966
1238,0.834461,0.826844
1239,0.885689,0.871444
1240,1.321725,1.301623
1241,0.683952,0.670530
1242,0.894916,0.883602
1243,1.058233,1.046642
1244,0.617380,0.607959
1245,1.243775,1.224077
1246,0.717450,0.704927
1247,1.133605,1.109793
1248,1.418130,1.400386
1249,0.404626,0.398157
1250,1.515855,1.494743
1251,0.556222,0.545829
1252,0.963490,0.957227
1253,1.396607,1.369902
1254,0.605234,0.599081
1255,1.633676,1.608130
1256,0.411722,0.402282
1257,1.006877,0.996384
1258,1.508631,1.490276
1259,0.409271,0.404955
1260,2.159553,2.128114
1261,0.619767,0.612894
1262,1.081652,1.065113
1263,0.813173,0.800543
1264,0.450207,0.440927
1265,2.598509,2.552465
1266,0.428834,0.420136
1267,1.451948,1.427828
1268,0.811020,0.800099
1269,0.694969,0.685617
1270,1.429253,1.404020
1271,0.456685,0.450031
1272,1.298860,1.274604
1273,1.015273,0.994662
1274,0.825511,0.808884
1275,1.401849,1.380386
1276,0.782103,0.763907
1277,0.809614,0.798784
1278,0.937834,0.925039
1279,0.580941,0.575460
1280,1.473151,1.445315
1281,0.777458,0.771668
1282,0.817840,0.797501
1283,1.405174,1.386824
1284,0.411424,0.404797
1285,1.285222,1.266471
1286,0.647811,0.637009
1287,1.280449,1.254589
1288,1.492671,1.464472
1289,0.401025,0.398117
1290,1.776642,1.750710
1291,0.510023,0.508239
1292,1.095631,1.076717
1293,1.101107,1.078675
1294,0.466956,0.456410
1295,2.266378,2.225899
1296,0.469918,0.464307
1297,1.087981,1.070610
1298,1.267407,1.253336
1299,0.408248,0.399762
1300,2.056458,2.014195
1301,0.412191,0.404674
1302,1.681495,1.648580
1303,0.908810,0.902121
1304,0.626203,0.610789
1305,1.628242,1.602026
1306,0.403923,0.398307
1307,1.141596,1.114380
1308,0.829283,0.814375
1309,1.123632,1.100002
1310,1.237105,1.210008
1311,0.672657,0.665932
1312,0.895364,0.875826
1313,1.165462,1.143969
1314,0.554027,0.545625
1315,1.362725,1.344498
1316,0.803903,0.793553
1317,0.971375,0.957680
1318,1.131090,1.108111
1319,0.438742,0.429350
1320,1.758209,1.722517
1321,0.546036,0.532416
1322,0.913029,0.900388
1323,1.396266,1.375423
1324,0.518653,0.510053
1325,1.705042,1.677826
1326,0.620023,0.615210
1327,0.930247,0.918345
1328,1.103324,1.088433
1329,0.406096,0.399291
1330,2.541911,2.507753
1331,0.527177,0.511562
1332,1.258031,1.239129
1333,0.909044,0.896728
1334,0.486071,0.473987
1335,2.103424,2.064366
1336,0.433053,0.430711
1337,1.493544,1.469810
1338,0.948765,0.928939
1339,0.696290,0.680411
1340,1.252853,1.229051
1341,0.410486,0.403362
1342,1.505094,1.482977
1343,1.210617,1.179292
1344,0.732452,0.720823
1345,1.214858,1.201417
1346,0.620129,0.609311
1347,0.858605,0.845417
1348,0.903824,0.891249
1349,0.813343,0.800172
1350,1.215007,1.191230
1351,0.676451,0.669460
1352,0.986973,0.971594
1353,1.518988,1.492394
1354,0.463099,0.449964
1355,1.327564,1.302457
1356,0.616656,0.608301
1357,1.090495,1.072713
1358,1.383693,1.360218
1359,0.413192,0.402874
1360,2.164049,2.136683
1361,0.451187,0.444952
1362,0.923301,0.905699
1363,1.239811,1.216511
1364,0.557714,0.548341
1365,2.626808,2.583068
1366,0.436697,0.430582
1367,1.117772,1.092313
1368,1.047130,1.032157
1369,0.483066,0.474172
1370,1.653558,1.614551
1371,0.502522,0.492564
1372,1.419984,1.402230
1373,0.857987,0.847532
1374,0.668971,0.658275
1375,1.550249,1.533059
1376,0.421865,0.417436
1377,1.272607,1.244582
1378,1.030211,1.011222
1379,0.790862,0.781938
1380,1.385462,1.365802
1381,0.599033,0.587948
1382,1.073384,1.052594
1383,0.899626,0.884681
1384,0.544395,0.536475
1385,1.292702,1.264748
1386,0.864529,0.850868
1387,1.050007,1.029018
1388,1.218736,1.213560
1389,0.406522,0.399573
1390,1.472959,1.435346
1391,0.676323,0.664192
1392,0.879829,0.862728
1393,1.651320,1.630043
1394,0.533442,0.519595
1395,2.032612,1.998130
1396,0.432541,0.426536
1397,1.060023,1.047829
1398,1.080437,1.070666
1399,0.406160,0.398020
1400,2.574088,2.533402
1401,0.461075,0.458410
1402,1.132518,1.105689
1403,0.930631,0.913790
1404,0.561976,0.555967
1405,1.864267,1.831549
1406,0.486859,0.477285
1407,1.395968,1.372177
1408,1.198109,1.176355
1409,0.542968,0.533785
1410,1.268963,1.246610
1411,0.527390,0.521464
1412,1.331229,1.303495
1413,0.933231,0.917454
1414,0.688384,0.675424
1415,1.402552,1.379042
1416,0.587036,0.573955
1417,1.084614,1.065685
1418,0.878444,0.863502
1419,0.780654,0.763300
1420,1.247035,1.226759
1421,0.828047,0.815597
1422,0.897005,0.882206
1423,1.266704,1.245748
1424,0.413981,0.406409
1425,1.376342,1.351294
1426,0.832714,0.818387
1427,0.813215,0.802969
1428,1.557558,1.528610
1429,0.403369,0.403935
1430,2.549944,2.499356
1431,0.484281,0.476461
1432,0.817967,0.803959
1433,1.111272,1.090592
1434,0.593748,0.577932
1435,2.138180,2.100537
1436,0.433756,0.430698
1437,1.248399,1.217478
1438,0.862398,0.853847
1439,0.491952,0.485497
1440,1.689635,1.665121
1441,0.566834,0.558537
1442,1.374935,1.357961
1443,1.048814,1.033268
1444,0.632105,0.620367
1445,1.608765,1.584122
1446,0.404413,0.400414
1447,1.246417,1.228678
1448,0.976340,0.963304
1449,0.783552,0.766886
1450,1.402680,1.378032
1451,0.575784,0.572526
1452,1.174817,1.152208
1453,0.817307,0.802795
1454,0.545035,0.537004
1455,1.301566,1.277060
1456,1.020067,1.001503
1457,1.018533,1.002702
1458,1.077837,1.058590
1459,0.466274,0.457371
1460,1.457574,1.429643
1461,0.546548,0.537093
1462,1.012992,0.999613
1463,1.960224,1.933904
1464,0.443686,0.434839
1465,1.816171,1.787729
1466,0.417518,0.411325
1467,0.970949,0.966805
1468,1.204736,1.182114
1469,0.555412,0.548234
1470,2.307974,2.274117
1471,0.403283,0.397964
1472,1.197043,1.172951
1473,0.994176,0.975879
1474,0.534508,0.526712
1475,1.689592,1.667941
1476,0.469663,0.464305
1477,1.371398,1.343663
1478,1.071785,1.049313
1479,0.673787,0.662138
1480,1.351218,1.336599
1481,0.471858,0.459081
1482,1.501322,1.478259
1483,0.823593,0.810142
1484,0.720796,0.710857
1485,1.696283,1.664566
1486,0.598841,0.589695
1487,0.862611,0.849522
1488,0.949554,0.930753
1489,0.639351,0.630374
1490,1.365985,1.352966
1491,0.787836,0.776658
1492,0.962041,0.945080
1493,1.077006,1.060243
1494,0.416879,0.407110
1495,1.777856,1.747611
1496,0.814196,0.798751
1497,0.813940,0.799473
1498,1.473471,1.454839
1499,0.455321,0.445785
1500,1.861880,1.821637
1501,0.473371,0.462824
1502,0.888587,0.874794
1503,1.353455,1.323655
1504,0.471090,0.462937
1505,2.232240,2.189036
1506,0.407545,0.400271
1507,1.623341,1.601159
1508,1.074705,1.053917
1509,0.429899,0.420721
1510,1.736729,1.705235
1511,0.468320,0.458970
1512,1.495888,1.475821
1513,0.952154,0.942047
1514,0.669205,0.661364
1515,1.252277,1.233871
1516,0.403113,0.399173
1517,1.346039,1.316955
1518,1.197256,1.182064
1519,0.826896,0.813460
1520,1.413804,1.395928
1521,0.669120,0.651122
1522,0.936534,0.921267
1523,0.806055,0.797965
1524,0.592320,0.582227
1525,1.592719,1.565661
1526,0.775306,0.763938
1527,0.849591,0.843564
1528,1.087299,1.078325
1529,0.559163,0.553528
1530,1.547244,1.531171
1531,0.555668,0.544425
1532,0.814281,0.798996
1533,1.768161,1.746806
1534,0.524087,0.520724
1535,1.674100,1.636589
1536,0.493956,0.491479
1537,0.907361,0.894983
1538,1.216392,1.198440
1539,0.462247,0.450778
1540,2.703927,2.664694
1541,0.496193,0.487608
1542,1.127638,1.100712
1543,0.916140,0.895439
1544,0.480871,0.476224
1545,1.785464,1.763250
1546,0.407268,0.398084
1547,2.269148,2.228203
1548,0.854726,0.835549
1549,0.576701,0.570629
1550,1.299372,1.279387
1551,0.609943,0.597248
1552,1.175073,1.153430
1553,0.888076,0.866124
1554,0.734306,0.723991
1555,1.414635,1.398149
1556,0.663644,0.648840
1557,0.834248,0.816554
1558,1.189009,1.167293
1559,0.545077,0.533333
1560,1.538380,1.519717
1561,0.681416,0.668366
1562,1.110441,1.089396
1563,1.106009,1.083041
1564,0.611797,0.600001
1565,1.210362,1.200915
1566,0.701447,0.690317
1567,0.826768,0.813606
1568,1.345912,1.324628
1569,0.526453,0.513715
1570,1.771442,1.740930
1571,0.450718,0.439765
1572,0.916418,0.899886
1573,1.723347,1.698442
1574,0.403773,0.398063
1575,2.187874,2.154708
1576,0.424827,0.419745
1577,1.622915,1.601728
1578,0.817690,0.800908
1579,0.439403,0.435328
1580,1.906864,1.869829
1581,0.497663,0.492904
1582,1.597258,1.569929
1583,0.856623,0.848467
1584,0.700275,0.687827
1585,1.290400,1.280399
1586,0.526197,0.517788
1587,1.288568,1.260264
1588,0.929928,0.914860
1589,0.679626,0.672285
1590,1.504391,1.478736
1591,0.711015,0.699879
1592,0.882258,0.871339
1593,0.833182,0.826472
1594,0.542754,0.531401
1595,1.960181,1.934482
1596,0.759323,0.749976
1597,0.815730,0.797769
1598,1.305402,1.287847
1599,0.600056,0.590150
1600,1.204118,1.191138
1601,0.538066,0.530279
1602,1.100596,1.081138
1603,1.559753,1.530492
1604,0.436633,0.431192
1605,1.777899,1.748088
1606,0.554475,0.541513
1607,0.809465,0.798436
1608,1.261377,1.244585
1609,0.472880,0.467051
1610,2.560279,2.512896
1611,0.411594,0.404314
1612,1.418364,1.392821
1613,0.965728,0.949792
1614,0.437400,0.432478
1615,2.127994,2.089137
1616,0.480616,0.468627
1617,1.752796,1.720627
1618,0.858157,0.842530
1619,0.542797,0.532255
1620,1.249294,1.232628
1621,0.587227,0.579641
1622,1.136417,1.115661
1623,0.811638,0.799025
1624,0.836528,0.818468
1625,1.587946,1.563723
1626,0.602059,0.589787
1627,0.821782,0.809014
1628,1.178099,1.160316
1629,0.621472,0.610207
1630,1.256220,1.242759
1631,0.674341,0.668065
1632,1.118240,1.091936
1633,1.289164,1.265945
1634,0.552258,0.546533
1635,1.422477,1.395271
1636,0.535850,0.532659
1637,0.812789,0.798993
1638,1.772614,1.743077
1639,0.525515,0.517946
1640,1.866078,1.839351
1641,0.426681,0.423724
1642,0.907595,0.891066
1643,1.533436,1.514421
1644,0.411445,0.403012
1645,2.111543,2.080932
1646,0.461757,0.455799
1647,1.323686,1.302070
1648,0.888992,0.874451
1649,0.479486,0.468356
1650,2.107877,2.062558
1651,0.499027,0.493965
1652,1.397864,1.372708
1653,1.068525,1.054556
1654,0.628525,0.623508
1655,1.493544,1.461963
1656,0.445625,0.438834
1657,1.265383,1.240354
1658,0.814451,0.799926
1659,0.747390,0.732462
1660,1.502793,1.469689
1661,0.743618,0.728533
1662,0.809721,0.800542
1663,0.866020,0.849411
1664,0.715106,0.706165
1665,1.477733,1.450838
1666,0.829815,0.817421
1667,0.844135,0.830513
1668,1.390385,1.364117
1669,0.405223,0.398803
1670,1.226386,1.205732
1671,0.575379,0.567589
1672,1.357014,1.326775
1673,1.519627,1.496315
1674,0.433628,0.426449
1675,1.687525,1.653269
1676,0.480190,0.471930
1677,1.154211,1.133909
1678,1.171131,1.156317
1679,0.531013,0.518559
1680,2.050725,2.014420
1681,0.481042,0.470000
1682,1.175030,1.155710
1683,1.214560,1.191594
1684,0.418818,0.416237
1685,1.749834,1.726240
1686,0.450335,0.445404
1687,1.630820,1.605566
1688,0.841557,0.826631
1689,0.588932,0.579116
1690,1.758976,1.730177
1691,0.493487,0.482307
1692,1.170854,1.152103
1693,0.817584,0.801478
1694,1.093457,1.071413
1695,1.316078,1.291887
1696,0.559930,0.551643
1697,0.878934,0.862839
1698,0.933763,0.916551
1699,0.602464,0.588896
1700,1.406388,1.374356
1701,0.794506,0.786510
1702,0.945612,0.931583
1703,1.360296,1.333996
1704,0.442472,0.437707
1705,1.681303,1.646153
1706,0.595879,0.585983
1707,0.906125,0.889664
1708,1.477541,1.452775
1709,0.464357,0.456809
1710,1.935995,1.905143
1711,0.491484,0.482019
1712,1.063645,1.043471
1713,1.083975,1.069216
1714,0.430560,0.425859
1715,2.122581,2.087209
1716,0.680372,0.667869
1717,1.346146,1.325199
1718,0.806993,0.796547
1719,0.407822,0.401593
1720,2.203046,2.158398
1721,0.425616,0.418423
1722,1.420708,1.396070
1723,1.086020,1.067540
1724,0.540133,0.532479
1725,1.501855,1.471975
1726,0.424465,0.415149
1727,1.433451,1.420843
1728,0.906977,0.895593
1729,0.930993,0.917318
1730,1.276933,1.260324
1731,0.637774,0.630526
1732,0.813684,0.798386
1733,0.956884,0.937976
1734,0.735393,0.716673
1735,1.316909,1.288020
1736,0.746879,0.735740
1737,0.817669,0.804331
1738,1.595510,1.566885
1739,0.449525,0.443453
1740,1.498019,1.469061
1741,0.539878,0.532037
1742,1.235400,1.220440
1743,1.382777,1.360083
1744,0.411935,0.404595
1745,2.001202,1.965952
1746,0.473051,0.467235
1747,0.815091,0.801235
1748,1.358740,1.339872
1749,0.577979,0.569257
1750,2.182120,2.138034
1751,0.552195,0.548409
1752,1.109333,1.091524
1753,0.927754,0.915579
1754,0.436612,0.425944
1755,2.018548,1.986183
1756,0.491057,0.482791
1757,1.517624,1.491703
1758,0.815922,0.803268
1759,0.621301,0.612652
1760,1.560222,1.531405
1761,0.436697,0.428263
1762,1.181125,1.153876
1763,0.939858,0.927275
1764,0.905337,0.890871
1765,1.221592,1.201581
1766,0.541540,0.531183
1767,1.154445,1.131556
1768,1.142725,1.120677
1769,0.608537,0.593587
1770,1.288674,1.274457
1771,0.962894,0.952237
1772,0.910089,0.889001
1773,1.162990,1.141032
1774,0.431199,0.429845
1775,1.425588,1.401879
1776,0.583605,0.570131
1777,0.980815,0.964513
1778,1.578356,1.553323
1779,0.482257,0.472558
1780,1.784420,1.756023
1781,0.501584,0.495577
1782,1.033194,1.021699
1783,1.094864,1.075545
1784,0.414258,0.412969
1785,2.605157,2.570765
1786,0.581580,0.569928
1787,1.098891,1.079193
1788,0.914350,0.899485
1789,0.466125,0.462225
1790,1.915985,1.880294
1791,0.445562,0.437714
1792,1.476880,1.452501
1793,1.055590,1.037673
1794,0.731429,0.715916
1795,1.216073,1.199585
1796,0.436036,0.430782
1797,1.231288,1.217250
1798,1.054503,1.036212
1799,0.734349,0.722025
1800,1.381456,1.363780
1801,0.566429,0.556656
1802,1.049751,1.026958
1803,0.900776,0.886559
1804,0.727956,0.718208
1805,1.371526,1.351898
1806,0.698975,0.695646
1807,1.009540,0.988577
1808,1.459598,1.430636
1809,0.446520,0.439030
1810,1.257861,1.239862
1811,0.744556,0.725274
1812,0.817413,0.805451
1813,1.528684,1.511601
1814,0.405968,0.397906
1815,2.089935,2.047909
1816,0.455918,0.446087
1817,0.983862,0.967651
1818,1.205929,1.184409
1819,0.566579,0.553484
1820,2.635417,2.584821
1821,0.405180,0.398929
1822,1.250274,1.231430
1823,0.801026,0.796681
1824,0.506166,0.501065
1825,1.935696,1.907897
1826,0.535296,0.523384
1827,1.465309,1.440038
1828,0.812086,0.798140
1829,0.668119,0.657651
1830,1.655412,1.621212
1831,0.416559,0.414833
1832,1.154850,1.136113
1833,1.181785,1.160738
1834,0.683291,0.672129
1835,1.248271,1.228345
1836,0.616400,0.611476
1837,1.325305,1.299343
1838,0.840769,0.826005
1839,0.566983,0.559939
1840,1.341714,1.316449
1841,0.774048,0.765440
1842,0.979302,0.956242
1843,1.260609,1.243400
1844,0.464335,0.456558
1845,1.273459,1.262883
1846,0.712975,0.702811
1847,0.876121,0.864283
1848,1.834348,1.799620
1849,0.476396,0.470399
1850,2.019379,1.985424
1851,0.407908,0.399480
1852,0.937280,0.920667
1853,1.276656,1.256839
1854,0.425147,0.416607
1855,2.826542,2.787570
1856,0.467042,0.458871
1857,1.089622,1.069165
1858,0.813876,0.799253
1859,0.702960,0.690044
1860,1.741524,1.707572
1861,0.404136,0.398602
1862,1.579550,1.556666
1863,1.174796,1.151905
1864,0.598649,0.588331
1865,1.212215,1.198382
1866,0.492166,0.478251
1867,1.067843,1.059863
1868,0.979472,0.964249
1869,0.687340,0.678245
1870,1.930539,1.894527
1871,0.576317,0.568834
1872,1.022326,1.004761
1873,0.822293,0.813754
1874,0.626970,0.614960
1875,1.396543,1.375476
1876,0.839170,0.821033
1877,0.929672,0.909748
1878,1.180571,1.159066
1879,0.406054,0.397728
1880,1.260588,1.246462
1881,0.984246,0.968947
1882,0.809358,0.796303
1883,1.375937,1.349002
1884,0.406778,0.402211
1885,2.465814,2.429143
1886,0.471133,0.462532
1887,1.060428,1.047030
1888,1.287587,1.267758
1889,0.457495,0.445808
1890,2.081645,2.044920
1891,0.452956,0.442018
1892,1.468910,1.438709
1893,0.895300,0.875685
1894,0.497770,0.496271
1895,1.687823,1.660413
1896,0.489481,0.476586
1897,1.364110,1.336144
1898,1.112188,1.092319
1899,0.652243,0.636518
1900,1.418343,1.396374
1901,0.436420,0.433851
1902,1.206718,1.193637
1903,1.046278,1.035175
1904,0.809060,0.798013
1905,1.232737,1.211275
1906,0.587803,0.580247
1907,1.013269,1.009363
1908,0.863655,0.854004
1909,0.614440,0.604599
1910,1.525018,1.488398
1911,0.854641,0.842364
1912,0.867960,0.855471
1913,1.190245,1.168525
1914,0.560889,0.551289
1915,1.465948,1.436252
1916,0.537086,0.532145
1917,0.884197,0.861683
1918,1.560435,1.538959
1919,0.471751,0.459552
1920,1.805964,1.770090
1921,0.572822,0.559676
1922,0.889823,0.877209
1923,1.089920,1.074266
1924,0.577681,0.568395
1925,2.772693,2.722410
1926,0.427896,0.416848
1927,1.304955,1.280104
1928,0.916929,0.900018
1929,0.467660,0.457071
1930,1.643777,1.606548
1931,0.402665,0.399675
1932,2.053986,2.025615
1933,0.934531,0.922378
1934,0.541689,0.531007
1935,1.276954,1.252997
1936,0.544758,0.529265
1937,1.353072,1.328894
1938,1.057977,1.039069
1939,0.682481,0.667465
1940,1.482762,1.463405
1941,0.625052,0.614781
1942,0.812896,0.799013
1943,1.110782,1.094537
1944,0.619682,0.609878
1945,1.215433,1.198060
1946,0.762307,0.747656
1947,1.158281,1.138645
1948,1.087981,1.069433
1949,0.462567,0.458145
1950,1.481334,1.455726
1951,0.654097,0.645972
1952,0.842729,0.822457
1953,1.523292,1.498168
1954,0.530842,0.518749
1955,2.065109,2.032235
1956,0.412958,0.402010
1957,0.941051,0.921876
1958,1.453013,1.426846
1959,0.454000,0.446547
1960,2.024387,1.985078
1961,0.484153,0.474931
1962,1.313734,1.294328
1963,1.156235,1.145007
1964,0.433841,0.423238
1965,1.903945,1.876624
1966,0.434779,0.429604
1967,1.548523,1.514219
1968,0.855302,0.837520
1969,0.702597,0.691701
1970,1.382266,1.360470
1971,0.415217,0.409078
1972,1.525423,1.507147
1973,0.956139,0.939125
1974,0.738930,0.721832
1975,1.245586,1.223633
1976,0.850912,0.837860
1977,0.812917,0.798076
1978,1.007090,0.996973
1979,0.550596,0.540702
1980,1.722665,1.704958
1981,0.683632,0.667335
1982,0.925922,0.909109
1983,1.158324,1.144000
1984,0.494637,0.488165
1985,1.357802,1.336476
1986,0.606001,0.593974
1987,0.933550,0.917757
1988,1.433771,1.401512
1989,0.617935,0.602547
1990,1.677360,1.656393
1991,0.551960,0.542467
1992,0.860480,0.844486
1993,1.290059,1.260817
1994,0.419969,0.414660
1995,2.942083,2.883997
1996,0.416410,0.410415
1997,1.085147,1.071493
1998,1.103153,1.081581
1999,0.404903,0.397677
2000,1.742717,1.716547
2001,0.518973,0.512242
2002,2.114121,2.080981
2003,0.810317,0.796951
2004,0.542669,0.536383
2005,1.302440,1.283473
2006,0.617935,0.605081
2007,1.106307,1.095762
2008,0.875780,0.859874
2009,0.870602,0.851724
2010,1.295131,1.273836
2011,0.626458,0.613533
2012,0.885114,0.871200
2013,1.083953,1.063897
2014,0.633150,0.625039
2015,1.588223,1.564578
2016,0.711143,0.699085
2017,1.007218,0.989412
2018,1.083804,1.066905
2019,0.452445,0.444818
2020,1.611855,1.582742
2021,0.592960,0.585099
2022,0.812065,0.799320
2023,1.649360,1.617904
2024,0.636516,0.628110
2025,1.673482,1.646862
2026,0.415217,0.409055
2027,0.860586,0.847794
2028,1.529728,1.499273
2029,0.441001,0.430845
2030,2.188577,2.143859
2031,0.463504,0.456893
2032,1.332060,1.304009
2033,0.947444,0.933459
2034,0.440064,0.436550
2035,2.316988,2.274910
2036,0.438998,0.429518
2037,1.559924,1.544675
2038,0.806503,0.796108
2039,0.699039,0.684742
2040,1.456018,1.435906
2041,0.498281,0.491900
2042,1.234015,1.214110
2043,0.814920,0.804311
2044,0.691602,0.680862
2045,1.381030,1.354082
2046,0.855515,0.840403
2047,0.963490,0.939971
2048,0.808549,0.794538
2049,0.574122,0.564521
2050,1.650617,1.634780
2051,0.731642,0.722275
2052,0.943097,0.928521
2053,1.229029,1.211115
2054,0.521786,0.512056
2055,1.326115,1.292766
2056,0.560548,0.556581
2057,1.195679,1.180245
2058,1.590183,1.568177
2059,0.451699,0.443905
2060,1.708281,1.680819
2061,0.462226,0.459859
2062,0.861375,0.841005
2063,1.293298,1.269690
2064,0.499986,0.493939
2065,2.259197,2.208892
2066,0.410443,0.397780
2067,1.418002,1.399378
2068,1.184279,1.167030
2069,0.431433,0.421652
2070,1.787637,1.756899
2071,0.515585,0.511792
2072,1.646163,1.618529
2073,0.804372,0.798922
2074,0.643421,0.637250
2075,1.429957,1.403819
2076,0.456643,0.447208
2077,1.319381,1.299947
2078,0.907190,0.896307
2079,0.867555,0.851278
2080,1.613091,1.592439
2081,0.541689,0.532273
2082,0.809934,0.799158
2083,0.932677,0.921581
2084,0.683312,0.663759
2085,1.451202,1.423076
2086,0.787090,0.767869
2087,0.852574,0.835138
2088,1.173283,1.149731
2089,0.444624,0.443547
2090,1.757868,1.735488
2091,0.653351,0.643795
2092,0.817371,0.800173
2093,1.907227,1.871664
2094,0.478826,0.469727
2095,1.630714,1.599777
2096,0.437251,0.431390
2097,1.155468,1.128146
2098,1.167870,1.144544
2099,0.419180,0.413478
2100,2.023065,1.985032
2101,0.566216,0.549792
2102,1.335896,1.308634
2103,0.872861,0.861227
2104,0.419606,0.411236
2105,1.907845,1.873472
2106,0.507935,0.498187
2107,1.507012,1.479653
2108,1.206611,1.183611
2109,0.654097,0.642116
2110,1.362277,1.338694
2111,0.403028,0.397634
2112,1.393475,1.368637
2113,0.809870,0.797304
2114,0.736458,0.724112
2115,1.535780,1.511891
2116,0.682076,0.670338
2117,0.907212,0.891544
2118,0.867640,0.850386
2119,0.816327,0.809650
2120,1.255943,1.239629
2121,0.727657,0.713623
2122,0.871049,0.861880
2123,1.567446,1.535760
2124,0.442536,0.434615
2125,1.392004,1.375981
2126,0.537320,0.530841
2127,0.963810,0.946415
2128,1.693769,1.670650
2129,0.417113,0.416390
2130,1.928962,1.892417
2131,0.470281,0.464214
2132,1.039203,1.023555
2133,1.109695,1.088969
2134,0.590957,0.577967
2135,2.079642,2.055959
2136,0.526154,0.522054
2137,1.078370,1.065719
2138,0.942330,0.928132
2139,0.480701,0.472485
2140,1.658736,1.631344
2141,0.555242,0.545875
2142,1.554085,1.532735
2143,0.813940,0.796243
2144,0.570649,0.561807
2145,1.904030,1.872756
2146,0.494318,0.484491
2147,1.310026,1.286157
2148,0.884752,0.867569
2149,0.900734,0.879852
2150,1.277380,1.252088
2151,0.545397,0.535178
2152,0.929480,0.916281
2153,0.928500,0.912939
2154,0.649046,0.633974
2155,1.276720,1.254850
2156,0.903930,0.888652
2157,0.810275,0.798209
2158,1.389618,1.366686
2159,0.494446,0.484636
2160,1.531561,1.505438
2161,0.538855,0.531147
2162,1.039161,1.022985
2163,1.602990,1.572460
2164,0.411189,0.411416
2165,1.833645,1.795866
2166,0.481212,0.474057
2167,1.166421,1.146048
2168,1.083101,1.068251
2169,0.410656,0.400599
2170,2.472420,2.431214
2171,0.588208,0.578358
2172,1.157216,1.142539
2173,0.893190,0.876563
2174,0.461863,0.455257
2175,1.955621,1.921091
2176,0.477632,0.470569
2177,1.447175,1.424747
2178,1.065158,1.052826
2179,0.588975,0.580709
2180,1.427783,1.407634
2181,0.404541,0.399083
2182,1.332636,1.305178
2183,0.891997,0.879889
2184,0.824147,0.808707
2185,1.824119,1.801277
2186,0.554027,0.544598
2187,0.902524,0.882568
2188,0.906232,0.894467
2189,0.710013,0.699109
2190,1.246247,1.225526
2191,0.772067,0.755909
2192,0.824829,0.808931
2193,1.779987,1.755924
2194,0.422569,0.415428
2195,1.265916,1.248382
2196,0.634151,0.627711
2197,1.003020,0.981448
2198,1.455976,1.434835
2199,0.437315,0.433322
2200,2.244365,2.206928
2201,0.503694,0.491897
2202,0.812640,0.798861
2203,1.097506,1.080212
2204,0.609389,0.600442
2205,2.014115,1.987415
2206,0.454000,0.442722
2207,1.263934,1.245478
2208,0.946059,0.927617
2209,0.422611,0.415717
2210,2.434212,2.397528
2211,0.558055,0.551942
2212,1.375489,1.359445
2213,0.814984,0.804779
2214,0.671230,0.656791
2215,1.393730,1.376646
2216,0.474585,0.465544
2217,1.154957,1.132658
2218,0.922853,0.908934
2219,0.754870,0.739882
2220,1.284455,1.263181
2221,0.584351,0.570565
2222,1.156193,1.138358
2223,1.220590,1.204393
2224,0.545354,0.537660
2225,1.287630,1.266369
2226,0.808101,0.788241
2227,1.059831,1.044120
2228,1.121202,1.103614
2229,0.496747,0.485271
2230,1.231394,1.201874
2231,0.610412,0.600176
2232,1.011117,0.991421
2233,2.055925,2.020111
2234,0.406160,0.397712
2235,1.646121,1.616693
2236,0.553729,0.545588
2237,0.944354,0.925003
2238,1.191332,1.169947
2239,0.433884,0.424329
2240,2.630068,2.578861
2241,0.424295,0.418051
2242,1.317016,1.293982
2243,0.839938,0.827484
2244,0.616954,0.605769
2245,1.857618,1.829911
2246,0.429388,0.420026
2247,1.374424,1.353074
2248,1.007558,0.990790
2249,0.671081,0.657378
2250,1.348511,1.327070
2251,0.463973,0.457680
2252,1.142959,1.115313
2253,0.936108,0.925804
2254,0.744492,0.731312
2255,1.921334,1.884962
2256,0.572012,0.568967
2257,0.885732,0.873218
2258,0.908085,0.888549
2259,0.620811,0.609847
2260,1.227686,1.212846
2261,0.892636,0.882909
2262,1.304188,1.285480
2263,1.194145,1.182969
2264,0.407844,0.399843
2265,1.274823,1.255029
2266,0.780846,0.773520
2267,0.935894,0.917828
2268,1.355885,1.324104
2269,0.457665,0.448053
2270,1.882657,1.847141
2271,0.456067,0.445762
2272,0.952431,0.939201
2273,1.281280,1.258043
2274,0.438103,0.426858
2275,2.462341,2.428949
2276,0.403134,0.398402
2277,1.550633,1.532607
2278,0.957737,0.945785
2279,0.496747,0.484662
2280,1.826506,1.801304
2281,0.490333,0.482285
2282,1.445704,1.426167
2283,0.823934,0.809627
2284,0.780292,0.761966
2285,1.290592,1.269008
2286,0.437144,0.430285
2287,1.115044,1.099618
2288,1.272266,1.248432
2289,0.750352,0.733616
2290,1.222465,1.201575
2291,0.601505,0.588640
2292,1.083165,1.072348
2293,0.892125,0.874057
2294,0.613950,0.603522
2295,1.599474,1.576075
2296,0.734732,0.724291
2297,0.914372,0.901265
2298,1.115854,1.098191
2299,0.591639,0.579834
2300,1.370929,1.350560
2301,0.758002,0.751595
2302,0.808953,0.795838
2303,1.619164,1.594907
2304,0.420224,0.413519
2305,1.924764,1.890289
2306,0.508787,0.504219
2307,0.817030,0.800777
2308,1.171067,1.150804
2309,0.407929,0.398266
2310,3.081362,3.040822
2311,0.402239,0.397569
2312,1.345315,1.322799
2313,0.811852,0.802600
2314,0.595368,0.584486
2315,1.791729,1.752358
2316,0.408952,0.401196
2317,1.578101,1.552873
2318,1.144472,1.127804
2319,0.577425,0.567688
2320,1.308897,1.286262
2321,0.536255,0.524874
2322,1.135309,1.118488
2323,1.129598,1.117847
2324,0.738696,0.725525
2325,1.507502,1.480161
2326,0.545439,0.530697
2327,0.988614,0.984366
2328,0.943651,0.934332
2329,0.633469,0.621375
2330,1.269474,1.254531
2331,0.894362,0.878539
2332,1.091348,1.063118
2333,1.075621,1.059560
2334,0.422611,0.411094
2335,1.383203,1.361328
2336,0.719453,0.713634
2337,0.964790,0.950126
2338,1.454207,1.434585
2339,0.485474,0.472666
2340,2.166053,2.127854
2341,0.405201,0.398247
2342,0.810125,0.798105
2343,1.574947,1.546307
2344,0.469173,0.456092
2345,2.092364,2.049149
2346,0.532291,0.527318
2347,1.232310,1.212999
2348,0.813876,0.797164
2349,0.485538,0.478585
2350,2.098608,2.069853
2351,0.429068,0.418533
2352,1.476795,1.442938
2353,0.999354,0.984205
2354,0.745792,0.733220
2355,1.229988,1.207920
2356,0.509448,0.500489
2357,1.302078,1.280542
2358,0.935127,0.926191
2359,0.715319,0.704398
2360,1.291828,1.265460
2361,0.648556,0.638407
2362,0.966708,0.953905
2363,0.942074,0.932885
2364,0.564789,0.552904
2365,1.645183,1.611606
2366,0.876228,0.867576
2367,0.850891,0.841546
2368,1.182808,1.167554
2369,0.591745,0.587844
2370,1.376107,1.360906
2371,0.545439,0.534077
2372,0.928969,0.912294
2373,1.386144,1.363442
2374,0.438870,0.429224
2375,2.058439,2.018121
2376,0.519314,0.510418
2377,0.884858,0.867701
2378,1.230563,1.206835
2379,0.533293,0.523870
2380,2.801887,2.759635
2381,0.441065,0.433670
2382,1.087789,1.065527
2383,1.024777,1.009363
2384,0.429174,0.424970
2385,1.704445,1.677204
2386,0.440106,0.429215
2387,1.867122,1.837863
2388,1.009988,0.989110
2389,0.533336,0.529766
2390,1.286714,1.262948
2391,0.503758,0.495161
2392,1.491818,1.468543
2393,0.841536,0.829630
2394,0.892423,0.885479
2395,1.221080,1.198675
2396,0.609943,0.597897
2397,1.050774,1.035181
2398,1.056720,1.040858
2399,0.559546,0.550874
2400,1.365410,1.344763
2401,0.750139,0.738066
2402,0.927094,0.915953
2403,1.222657,1.202409
2404,0.402687,0.398320
2405,1.842254,1.812089
2406,0.538471,0.532431
2407,1.007665,0.993358
2408,1.587093,1.560016
2409,0.597989,0.587890
2410,1.630970,1.602696
2411,0.411850,0.400965
2412,0.831755,0.819640
2413,1.461026,1.433553
2414,0.533655,0.525030
2415,2.222906,2.195107
2416,0.468107,0.460514
2417,1.153209,1.134976
2418,1.059660,1.042879
2419,0.474649,0.465436
2420,2.336167,2.299477
2421,0.410656,0.401780
2422,1.560051,1.526512
2423,0.865594,0.848550
2424,0.630827,0.618776
2425,1.354009,1.322884
2426,0.451358,0.443955
2427,1.378132,1.351393
2428,0.860139,0.845212
2429,0.675065,0.666241
2430,1.319722,1.302123
2431,0.979451,0.961875
2432,0.915693,0.900337
2433,0.853490,0.838832
2434,0.556158,0.547337
2435,1.576566,1.542954
2436,0.730385,0.714580
2437,0.893957,0.879396
2438,1.549205,1.521555
2439,0.428130,0.422318
2440,1.380582,1.371991
2441,0.531333,0.530919
2442,1.196446,1.172436
2443,1.364707,1.338351
2444,0.516011,0.507776
2445,1.769908,1.737301
2446,0.525004,0.513724
2447,0.806929,0.796816
2448,1.400890,1.370615
2449,0.514413,0.503373
2450,2.016545,1.984942
2451,0.474905,0.473510
2452,1.084422,1.063562
2453,1.227367,1.208843
2454,0.457623,0.445842
2455,1.711520,1.677734
2456,0.419521,0.410729
2457,2.052558,2.023921
2458,0.849846,0.829711
2459,0.603060,0.592762
2460,1.527576,1.503150
2461,0.510662,0.504414
2462,1.116877,1.091368
2463,0.814686,0.797219
2464,0.924281,0.909635
2465,1.558176,1.522178
2466,0.610838,0.601936
2467,0.833971,0.818700
2468,0.928159,0.912092
2469,0.572865,0.559602
2470,1.751987,1.717852
2471,0.844732,0.829059
2472,0.823167,0.810453
2473,1.099871,1.081113
2474,0.463355,0.456999
2475,1.680791,1.650803
2476,0.653522,0.642553
2477,0.808314,0.796338
2478,1.387955,1.372151
2479,0.563595,0.551636
2480,1.798868,1.760846
2481,0.415025,0.405043
2482,1.102791,1.079384
2483,1.430660,1.404146
2484,0.461075,0.458068
2485,2.087250,2.053113
2486,0.526346,0.519777
2487,1.232076,1.213933
2488,0.877783,0.862945
2489,0.464165,0.457249
2490,1.987372,1.958111
2491,0.464165,0.450956
2492,1.608765,1.583911
2493,0.998438,0.984357
2494,0.613864,0.601460
2495,1.302142,1.282442
2496,0.498750,0.485206
2497,1.405152,1.387008
2498,0.831968,0.816618
2499,0.822741,0.809321
2500,1.347723,1.325420
2501,0.703919,0.695127
2502,0.888118,0.870794
2503,0.805054,0.795884
2504,0.667778,0.653175
2505,1.470296,1.442949
2506,0.694841,0.685670
2507,0.930610,0.915060
2508,1.601435,1.581917
2509,0.516608,0.508221
2510,1.325028,1.295728
2511,0.582326,0.570668
2512,0.944184,0.926046
2513,1.557345,1.537745
2514,0.433543,0.426518
2515,2.000584,1.969278
2516,0.487307,0.485822
2517,0.827940,0.815640
2518,1.210873,1.193517
2519,0.524236,0.515220
2520,2.011857,1.984927
2521,0.454575,0.449368
2522,1.577866,1.550758
2523,1.029230,1.006183
2524,0.413171,0.408231
2525,1.646526,1.624993
2526,0.529585,0.516795
2527,1.657457,1.626357
2528,0.877165,0.862429
2529,0.542925,0.535132
2530,1.712841,1.692410
2531,0.460073,0.447841
2532,1.156811,1.135609
2533,1.056443,1.038138
2534,0.776179,0.765718
2535,1.487940,1.456379
2536,0.545802,0.533117
2537,1.006429,0.995517
2538,0.883068,0.877651
2539,0.644998,0.635892
2540,1.308982,1.294089
2541,0.893744,0.886013
2542,0.969606,0.954656
2543,1.093329,1.069831
2544,0.505697,0.496244
2545,1.483976,1.460471
2546,0.627524,0.619420
2547,0.817776,0.803937
2548,1.890946,1.861841
2549,0.401664,0.398987
2550,1.864054,1.833678
2551,0.420544,0.412385
2552,1.385249,1.355572
2553,1.265191,1.246211
2554,0.422100,0.419224
2555,2.072546,2.046754
2556,0.521509,0.516713
2557,1.219930,1.207270
2558,0.811532,0.797734
2559,0.501094,0.491376
2560,1.605036,1.589181
2561,0.573696,0.564119
2562,1.484232,1.453381
2563,1.080650,1.068987
2564,0.546697,0.534374
2565,1.572219,1.545162
2566,0.418669,0.410076
2567,1.429722,1.414979
2568,0.877272,0.865394
2569,0.712528,0.699155
2570,1.560904,1.528655
2571,0.600589,0.590889
2572,0.814963,0.796866
2573,0.961189,0.950608
2574,0.855259,0.832423
2575,1.237020,1.215640
2576,0.766654,0.750347
2577,0.813876,0.797065
2578,1.618290,1.593058
2579,0.419393,0.411595
2580,1.307022,1.282646
2581,0.686360,0.677434
2582,0.823934,0.816046
2583,1.639792,1.617849
2584,0.560058,0.548024
2585,2.180991,2.144412
2586,0.402154,0.398842
2587,1.005875,0.990897
2588,1.080927,1.063286
2589,0.462204,0.456408
2590,2.465431,2.428991
2591,0.499347,0.490797
2592,1.241921,1.225990
2593,0.814686,0.796642
2594,0.431859,0.426896
2595,1.781692,1.750430
2596,0.597797,0.588652
2597,1.538678,1.511546
2598,0.814686,0.798077
2599,0.610093,0.596992
2600,1.775981,1.738632
2601,0.483961,0.474764
2602,1.120584,1.102387
2603,1.090410,1.077727
2604,0.826683,0.809976
2605,1.217351,1.196782
2606,0.542882,0.530533
2607,1.200133,1.188053
2608,0.820375,0.806449
2609,0.663004,0.650247
2610,1.348980,1.327878
2611,0.788688,0.769198
2612,0.876803,0.859880
2613,1.355927,1.334942
2614,0.501457,0.495957
2615,1.277359,1.256901
2616,0.608857,0.602958
2617,0.911772,0.894444
2618,1.992486,1.964098
2619,0.411530,0.406351
2620,1.702527,1.684808
2621,0.401110,0.397691
2622,1.282260,1.262751
2623,1.176799,1.157295
2624,0.461522,0.451552
2625,2.428672,2.384554
2626,0.506251,0.495203
2627,1.183831,1.164066
2628,0.897793,0.882360
2629,0.585374,0.576518
2630,1.900621,1.874191
2631,0.401174,0.398093
2632,1.447686,1.423367
2633,0.941541,0.922541
2634,0.542179,0.532147
2635,1.833304,1.808898
2636,0.461778,0.455657
2637,1.188903,1.161078
2638,0.840619,0.821293
2639,0.916226,0.908789
2640,1.573370,1.549030
2641,0.671422,0.660653
2642,0.816177,0.797607
2643,0.913477,0.900387
2644,0.621003,0.612816
2645,1.391322,1.365056
2646,0.723438,0.713978
2647,0.982861,0.970829
2648,1.238064,1.216078
2649,0.425275,0.417015
2650,1.261355,1.239551
2651,0.737609,0.722859
2652,1.231991,1.211473
2653,1.437074,1.415496
2654,0.431945,0.425054
2655,1.936740,1.894255
2656,0.478868,0.471515
2657,0.811383,0.795761
2658,1.409158,1.382458
2659,0.396891,0.397679
2660,2.475382,2.430719
2661,0.451358,0.444332
2662,1.389234,1.370150
2663,0.884411,0.875796
2664,0.437805,0.431745
2665,2.084352,2.049820
2666,0.555753,0.548371
2667,1.365580,1.344782
2668,0.983159,0.974023
2669,0.799513,0.785678
2670,1.238043,1.218961
2671,0.403965,0.397476
2672,1.095205,1.076229
2673,1.114767,1.096600
2674,0.772599,0.762069
2675,1.350919,1.331225
2676,0.615143,0.602337
2677,0.934275,0.924720
2678,1.053608,1.033756
2679,0.655866,0.644748
2680,1.579933,1.550886
2681,0.684335,0.665455
2682,0.909172,0.896133
2683,1.139166,1.117116
2684,0.550042,0.540683
2685,1.330249,1.311073
2686,0.637134,0.627492
2687,0.976468,0.958967
2688,1.534075,1.514940
2689,0.423783,0.413314
2690,1.622190,1.601094
2691,0.626671,0.615027
2692,0.960464,0.944117
2693,1.089835,1.071921
2694,0.411509,0.409015
2695,3.040597,2.984857
2696,0.403944,0.399363
2697,1.346700,1.323763
2698,0.932677,0.927137
2699,0.481873,0.477923
2700,1.810098,1.784885
2701,0.440341,0.433671
2702,1.570280,1.553137
2703,0.976489,0.954914
2704,0.707200,0.702076
2705,1.217735,1.195961
2706,0.578128,0.567858
2707,1.170278,1.151287
2708,0.898709,0.884686
2709,0.773984,0.758181
2710,1.435263,1.413028
2711,0.586332,0.577573
2712,0.840470,0.827886
2713,1.061472,1.042624
2714,0.670441,0.654710
2715,1.220015,1.206776
2716,0.715916,0.705344
2717,1.449817,1.423943
2718,1.144387,1.121650
2719,0.402623,0.397465
2720,1.438949,1.418356
2721,0.704046,0.691691
2722,0.865317,0.849362
2723,1.483763,1.456262
2724,0.471751,0.458321
2725,1.730485,1.696507
2726,0.561145,0.553080
2727,0.818457,0.812326
2728,1.500896,1.471395
2729,0.431135,0.423097
2730,2.635076,2.593448
2731,0.435226,0.429528
2732,1.242880,1.222516
2733,0.829070,0.817211
2734,0.461629,0.453708
2735,1.861709,1.832246
2736,0.479103,0.469524
2737,1.715398,1.690033
2738,0.942117,0.918594
2739,0.797340,0.786783
2740,1.229988,1.208840
2741,0.405201,0.398837
2742,1.183128,1.162962
2743,1.229199,1.207042
2744,0.679093,0.661628
2745,1.403298,1.377135
2746,0.617828,0.611608
2747,0.987975,0.971925
2748,0.882386,0.871797
2749,0.598926,0.586355
2750,1.647122,1.622124
2751,0.687169,0.672374
2752,0.997202,0.986691
2753,1.093862,1.078636
2754,0.531269,0.524123
2755,1.485979,1.459114
2756,0.684250,0.673820
2757,0.944695,0.931411
2758,1.358271,1.340894
2759,0.444347,0.436626
2760,2.148728,2.103903
2761,0.585736,0.574762
2762,0.812469,0.795491
2763,1.117814,1.098947
2764,0.406160,0.398132
2765,3.005393,2.948355
2766,0.419159,0.411051
2767,1.096078,1.074341
2768,1.052628,1.037625
2769,0.536447,0.526408
2770,1.638257,1.600696
2771,0.476375,0.464259
2772,1.722260,1.702146
2773,0.969457,0.956771
2774,0.687361,0.676992
2775,1.368990,1.337418
2776,0.462929,0.456883
2777,1.157386,1.141130
2778,0.896301,0.887723
2779,0.776691,0.763310
2780,1.365112,1.344695
2781,0.573121,0.563521
2782,1.086127,1.067894
2783,1.150183,1.135441
2784,0.579854,0.572057
2785,1.210362,1.195807
2786,0.776030,0.762400
2787,1.024777,1.008276
2788,1.322322,1.292812
2789,0.419926,0.411975
2790,1.490049,1.463634
2791,0.651774,0.640428
2792,0.827280,0.811132
2793,1.577845,1.553105
2794,0.602208,0.594216
2795,2.094602,2.059324
2796,0.407226,0.400442
2797,0.806993,0.796042
2798,1.320234,1.305823
2799,0.518802,0.510103
2800,2.180500,2.137744
2801,0.463355,0.456438
2802,1.107330,1.092559
2803,0.849527,0.826890
2804,0.462439,0.455822
2805,2.407703,2.368168
2806,0.496726,0.485480
2807,1.345933,1.333105
2808,0.991576,0.973181
2809,0.655077,0.647298
2810,1.221123,1.199523
2811,0.452402,0.444295
2812,1.682880,1.651747
2813,0.892146,0.880137
2814,0.730513,0.720450
2815,1.259501,1.240180
2816,0.754060,0.743726
2817,0.896131,0.888086
2818,0.889631,0.877736
2819,0.538919,0.533278
2820,1.455251,1.426053
2821,0.927264,0.914265
2822,0.954135,0.939732
2823,1.301716,1.278877
2824,0.433181,0.425865
2825,1.478926,1.452664
2826,0.559973,0.552789
2827,1.072851,1.049857
2828,1.490923,1.457872
2829,0.472198,0.462915
2830,1.815233,1.780767
2831,0.558907,0.547391
2832,0.872669,0.858997
2833,1.157833,1.142456
2834,0.577937,0.565733
2835,2.009385,1.986743
2836,0.428258,0.419447
2837,1.244734,1.225194
2838,1.224532,1.201623
2839,0.475949,0.463885
2840,1.659439,1.636450
2841,0.407737,0.398003
2842,1.721024,1.693555
2843,0.922810,0.907499
2844,0.635174,0.623852
2845,1.514406,1.492423
2846,0.407780,0.397533
2847,1.381307,1.354699
2848,0.827152,0.813009
2849,0.909577,0.902635
2850,1.508546,1.489431
2851,0.614227,0.602633
2852,1.047812,1.028644
2853,0.938793,0.924210
2854,0.541987,0.530414
2855,1.215263,1.195680
2856,1.082845,1.063357
2857,0.808208,0.795620
2858,1.070805,1.059957
2859,0.410891,0.404124
2860,2.015969,1.975049
2861,0.578235,0.568346
2862,0.945612,0.935589
2863,1.451181,1.432783
2864,0.531460,0.518130
2865,1.638407,1.610171
2866,0.402239,0.397528
2867,1.151505,1.142508
2868,1.094011,1.068848
2869,0.522894,0.510042
2870,2.177134,2.139991
2871,0.581239,0.569514
2872,1.077816,1.065797
2873,1.190011,1.172204
2874,0.417838,0.412470
2875,2.179776,2.148568
2876,0.402793,0.398083
2877,1.533265,1.512677
2878,0.948446,0.935062
2879,0.584564,0.575850
2880,1.241090,1.222723
2881,0.461139,0.450994
2882,1.664383,1.638307
2883,0.934936,0.923734
2884,0.764928,0.751473
2885,1.215028,1.197299
2886,0.806908,0.785599
2887,0.837977,0.822222
2888,0.919358,0.900220
2889,0.626629,0.620715
2890,1.696944,1.671268
2891,0.700680,0.688247
2892,0.813066,0.802885
2893,1.441400,1.422355
2894,0.430474,0.424911
2895,1.408114,1.393850
2896,0.598948,0.584739
2897,0.981880,0.964028
2898,1.573327,1.541712
2899,0.498537,0.490071
2900,2.012112,1.977659
2901,0.471495,0.458881
2902,0.811809,0.795407
2903,1.215199,1.199326
2904,0.541412,0.531145
2905,2.074890,2.036043
2906,0.423208,0.419509
2907,1.433579,1.413611
2908,1.046576,1.031452
2909,0.408803,0.397610
2910,1.749323,1.729971
2911,0.524982,0.517825
2912,1.641859,1.618033
2913,0.984118,0.965584
2914,0.602336,0.595354
2915,1.620507,1.595135
2916,0.448971,0.441688
2917,1.082355,1.061025
2918,0.882194,0.864740
2919,0.823764,0.807396
2920,1.336194,1.309839
2921,0.670825,0.664557
2922,0.927562,0.912582
2923,0.889759,0.871813
2924,0.678070,0.671875
2925,1.537122,1.510450
2926,1.005619,0.986974
2927,0.806822,0.796311
2928,1.111208,1.100043
2929,0.516714,0.514395
2930,1.580764,1.547915
2931,0.536212,0.533849
2932,0.860949,0.851336
2933,1.598707,1.569839
2934,0.452381,0.447239
2935,1.891713,1.860309
2936,0.422291,0.421227
2937,1.068632,1.046229
2938,1.400805,1.388667
2939,0.447778,0.440673
2940,2.017035,1.984852
2941,0.539004,0.531369
2942,1.214197,1.193617
2943,0.819630,0.810168
2944,0.517524,0.508646
2945,2.017269,1.980559
2946,0.407140,0.398601
2947,1.611471,1.590951
2948,1.179633,1.152929
2949,0.548870,0.537447
2950,1.290187,1.266988
2951,0.532164,0.524572
2952,1.482826,1.448050
2953,0.838467,0.824769
2954,0.677793,0.668009
2955,1.629542,1.589973
2956,0.548359,0.533672
2957,0.810914,0.795918
2958,1.095716,1.073152
2959,0.734988,0.727716
2960,1.461431,1.436781
2961,0.705751,0.692702
2962,0.808186,0.795373
2963,1.247675,1.232778
2964,0.604254,0.593249
2965,1.229306,1.203805
2966,0.654630,0.645792
2967,0.954903,0.933366
2968,1.640495,1.608376
2969,0.449781,0.444985
2970,2.309402,2.267263
2971,0.404051,0.397955
2972,0.834653,0.823950
2973,1.201625,1.183705
2974,0.463803,0.454803
2975,2.482691,2.436667
2976,0.443409,0.435974
2977,1.709495,1.693012
2978,0.806844,0.795365
2979,0.424486,0.414378
2980,1.635445,1.610863
2981,0.639159,0.633368
2982,1.461814,1.438662
2983,0.928223,0.916973
2984,0.541881,0.532519
2985,1.438289,1.416980
2986,0.511877,0.503214
2987,1.189563,1.166367
2988,0.948851,0.936075
2989,0.758833,0.743766
2990,1.634720,1.608769
2991,0.538386,0.531309
2992,1.234995,1.214798
2993,0.893851,0.876549
2994,0.603572,0.591668
2995,1.214389,1.195977
2996,0.878593,0.861808
2997,0.928116,0.911248
2998,1.227708,1.206100
2999,0.517907,0.508548
3000,1.210127,1.190906
